cell_id,donor_id,batch_id,status,cell_type
donor_00_cell_000,donor_00,batch_0,control,dopaminergic
donor_00_cell_001,donor_00,batch_0,control,dopaminergic
donor_00_cell_002,donor_00,batch_0,control,dopaminergic
donor_00_cell_003,donor_00,batch_0,control,dopaminergic
donor_00_cell_004,donor_00,batch_0,control,dopaminergic
donor_00_cell_005,donor_00,batch_0,control,dopaminergic
donor_00_cell_006,donor_00,batch_0,control,dopaminergic
donor_00_cell_007,donor_00,batch_0,control,dopaminergic
donor_00_cell_008,donor_00,batch_0,control,dopaminergic
donor_00_cell_009,donor_00,batch_0,control,dopaminergic
donor_00_cell_010,donor_00,batch_0,control,dopaminergic
donor_00_cell_011,donor_00,batch_0,control,dopaminergic
donor_00_cell_012,donor_00,batch_0,control,dopaminergic
donor_00_cell_013,donor_00,batch_0,control,dopaminergic
donor_00_cell_014,donor_00,batch_0,control,dopaminergic
donor_00_cell_015,donor_00,batch_0,control,dopaminergic
donor_00_cell_016,donor_00,batch_0,control,dopaminergic
donor_00_cell_017,donor_00,batch_0,control,dopaminergic
donor_00_cell_018,donor_00,batch_0,control,dopaminergic
donor_00_cell_019,donor_00,batch_0,control,dopaminergic
donor_00_cell_020,donor_00,batch_0,control,dopaminergic
donor_00_cell_021,donor_00,batch_0,control,dopaminergic
donor_00_cell_022,donor_00,batch_0,control,dopaminergic
donor_00_cell_023,donor_00,batch_0,control,dopaminergic
donor_00_cell_024,donor_00,batch_0,control,dopaminergic
donor_00_cell_025,donor_00,batch_0,control,dopaminergic
donor_00_cell_026,donor_00,batch_0,control,dopaminergic
donor_00_cell_027,donor_00,batch_0,control,dopaminergic
donor_00_cell_028,donor_00,batch_0,control,dopaminergic
donor_00_cell_029,donor_00,batch_0,control,dopaminergic
donor_00_cell_030,donor_00,batch_0,control,dopaminergic
donor_00_cell_031,donor_00,batch_0,control,dopaminergic
donor_00_cell_032,donor_00,batch_0,control,dopaminergic
donor_00_cell_033,donor_00,batch_0,control,dopaminergic
donor_00_cell_034,donor_00,batch_0,control,dopaminergic
donor_01_cell_000,donor_01,batch_0,PD,dopaminergic
donor_01_cell_001,donor_01,batch_0,PD,dopaminergic
donor_01_cell_002,donor_01,batch_0,PD,dopaminergic
donor_01_cell_003,donor_01,batch_0,PD,dopaminergic
donor_01_cell_004,donor_01,batch_0,PD,dopaminergic
donor_01_cell_005,donor_01,batch_0,PD,dopaminergic
donor_01_cell_006,donor_01,batch_0,PD,dopaminergic
donor_01_cell_007,donor_01,batch_0,PD,dopaminergic
donor_01_cell_008,donor_01,batch_0,PD,dopaminergic
donor_01_cell_009,donor_01,batch_0,PD,dopaminergic
donor_01_cell_010,donor_01,batch_0,PD,dopaminergic
donor_01_cell_011,donor_01,batch_0,PD,dopaminergic
donor_01_cell_012,donor_01,batch_0,PD,dopaminergic
donor_01_cell_013,donor_01,batch_0,PD,dopaminergic
donor_01_cell_014,donor_01,batch_0,PD,dopaminergic
donor_01_cell_015,donor_01,batch_0,PD,dopaminergic
donor_01_cell_016,donor_01,batch_0,PD,dopaminergic
donor_01_cell_017,donor_01,batch_0,PD,dopaminergic
donor_01_cell_018,donor_01,batch_0,PD,dopaminergic
donor_01_cell_019,donor_01,batch_0,PD,dopaminergic
donor_01_cell_020,donor_01,batch_0,PD,dopaminergic
donor_01_cell_021,donor_01,batch_0,PD,dopaminergic
donor_01_cell_022,donor_01,batch_0,PD,dopaminergic
donor_01_cell_023,donor_01,batch_0,PD,dopaminergic
donor_01_cell_024,donor_01,batch_0,PD,dopaminergic
donor_01_cell_025,donor_01,batch_0,PD,dopaminergic
donor_01_cell_026,donor_01,batch_0,PD,dopaminergic
donor_01_cell_027,donor_01,batch_0,PD,dopaminergic
donor_01_cell_028,donor_01,batch_0,PD,dopaminergic
donor_01_cell_029,donor_01,batch_0,PD,dopaminergic
donor_01_cell_030,donor_01,batch_0,PD,dopaminergic
donor_01_cell_031,donor_01,batch_0,PD,dopaminergic
donor_01_cell_032,donor_01,batch_0,PD,dopaminergic
donor_01_cell_033,donor_01,batch_0,PD,dopaminergic
donor_01_cell_034,donor_01,batch_0,PD,dopaminergic
donor_02_cell_000,donor_02,batch_0,control,dopaminergic
donor_02_cell_001,donor_02,batch_0,control,dopaminergic
donor_02_cell_002,donor_02,batch_0,control,dopaminergic
donor_02_cell_003,donor_02,batch_0,control,dopaminergic
donor_02_cell_004,donor_02,batch_0,control,dopaminergic
donor_02_cell_005,donor_02,batch_0,control,dopaminergic
donor_02_cell_006,donor_02,batch_0,control,dopaminergic
donor_02_cell_007,donor_02,batch_0,control,dopaminergic
donor_02_cell_008,donor_02,batch_0,control,dopaminergic
donor_02_cell_009,donor_02,batch_0,control,dopaminergic
donor_02_cell_010,donor_02,batch_0,control,dopaminergic
donor_02_cell_011,donor_02,batch_0,control,dopaminergic
donor_02_cell_012,donor_02,batch_0,control,dopaminergic
donor_02_cell_013,donor_02,batch_0,control,dopaminergic
donor_02_cell_014,donor_02,batch_0,control,dopaminergic
donor_02_cell_015,donor_02,batch_0,control,dopaminergic
donor_02_cell_016,donor_02,batch_0,control,dopaminergic
donor_02_cell_017,donor_02,batch_0,control,dopaminergic
donor_02_cell_018,donor_02,batch_0,control,dopaminergic
donor_02_cell_019,donor_02,batch_0,control,dopaminergic
donor_02_cell_020,donor_02,batch_0,control,dopaminergic
donor_02_cell_021,donor_02,batch_0,control,dopaminergic
donor_02_cell_022,donor_02,batch_0,control,dopaminergic
donor_02_cell_023,donor_02,batch_0,control,dopaminergic
donor_02_cell_024,donor_02,batch_0,control,dopaminergic
donor_02_cell_025,donor_02,batch_0,control,dopaminergic
donor_02_cell_026,donor_02,batch_0,control,dopaminergic
donor_02_cell_027,donor_02,batch_0,control,dopaminergic
donor_02_cell_028,donor_02,batch_0,control,dopaminergic
donor_02_cell_029,donor_02,batch_0,control,dopaminergic
donor_02_cell_030,donor_02,batch_0,control,dopaminergic
donor_02_cell_031,donor_02,batch_0,control,dopaminergic
donor_02_cell_032,donor_02,batch_0,control,dopaminergic
donor_02_cell_033,donor_02,batch_0,control,dopaminergic
donor_02_cell_034,donor_02,batch_0,control,dopaminergic
donor_03_cell_000,donor_03,batch_0,PD,dopaminergic
donor_03_cell_001,donor_03,batch_0,PD,dopaminergic
donor_03_cell_002,donor_03,batch_0,PD,dopaminergic
donor_03_cell_003,donor_03,batch_0,PD,dopaminergic
donor_03_cell_004,donor_03,batch_0,PD,dopaminergic
donor_03_cell_005,donor_03,batch_0,PD,dopaminergic
donor_03_cell_006,donor_03,batch_0,PD,dopaminergic
donor_03_cell_007,donor_03,batch_0,PD,dopaminergic
donor_03_cell_008,donor_03,batch_0,PD,dopaminergic
donor_03_cell_009,donor_03,batch_0,PD,dopaminergic
donor_03_cell_010,donor_03,batch_0,PD,dopaminergic
donor_03_cell_011,donor_03,batch_0,PD,dopaminergic
donor_03_cell_012,donor_03,batch_0,PD,dopaminergic
donor_03_cell_013,donor_03,batch_0,PD,dopaminergic
donor_03_cell_014,donor_03,batch_0,PD,dopaminergic
donor_03_cell_015,donor_03,batch_0,PD,dopaminergic
donor_03_cell_016,donor_03,batch_0,PD,dopaminergic
donor_03_cell_017,donor_03,batch_0,PD,dopaminergic
donor_03_cell_018,donor_03,batch_0,PD,dopaminergic
donor_03_cell_019,donor_03,batch_0,PD,dopaminergic
donor_03_cell_020,donor_03,batch_0,PD,dopaminergic
donor_03_cell_021,donor_03,batch_0,PD,dopaminergic
donor_03_cell_022,donor_03,batch_0,PD,dopaminergic
donor_03_cell_023,donor_03,batch_0,PD,dopaminergic
donor_03_cell_024,donor_03,batch_0,PD,dopaminergic
donor_03_cell_025,donor_03,batch_0,PD,dopaminergic
donor_03_cell_026,donor_03,batch_0,PD,dopaminergic
donor_03_cell_027,donor_03,batch_0,PD,dopaminergic
donor_03_cell_028,donor_03,batch_0,PD,dopaminergic
donor_03_cell_029,donor_03,batch_0,PD,dopaminergic
donor_03_cell_030,donor_03,batch_0,PD,dopaminergic
donor_03_cell_031,donor_03,batch_0,PD,dopaminergic
donor_03_cell_032,donor_03,batch_0,PD,dopaminergic
donor_03_cell_033,donor_03,batch_0,PD,dopaminergic
donor_03_cell_034,donor_03,batch_0,PD,dopaminergic
donor_04_cell_000,donor_04,batch_1,control,dopaminergic
donor_04_cell_001,donor_04,batch_1,control,dopaminergic
donor_04_cell_002,donor_04,batch_1,control,dopaminergic
donor_04_cell_003,donor_04,batch_1,control,dopaminergic
donor_04_cell_004,donor_04,batch_1,control,dopaminergic
donor_04_cell_005,donor_04,batch_1,control,dopaminergic
donor_04_cell_006,donor_04,batch_1,control,dopaminergic
donor_04_cell_007,donor_04,batch_1,control,dopaminergic
donor_04_cell_008,donor_04,batch_1,control,dopaminergic
donor_04_cell_009,donor_04,batch_1,control,dopaminergic
donor_04_cell_010,donor_04,batch_1,control,dopaminergic
donor_04_cell_011,donor_04,batch_1,control,dopaminergic
donor_04_cell_012,donor_04,batch_1,control,dopaminergic
donor_04_cell_013,donor_04,batch_1,control,dopaminergic
donor_04_cell_014,donor_04,batch_1,control,dopaminergic
donor_04_cell_015,donor_04,batch_1,control,dopaminergic
donor_04_cell_016,donor_04,batch_1,control,dopaminergic
donor_04_cell_017,donor_04,batch_1,control,dopaminergic
donor_04_cell_018,donor_04,batch_1,control,dopaminergic
donor_04_cell_019,donor_04,batch_1,control,dopaminergic
donor_04_cell_020,donor_04,batch_1,control,dopaminergic
donor_04_cell_021,donor_04,batch_1,control,dopaminergic
donor_04_cell_022,donor_04,batch_1,control,dopaminergic
donor_04_cell_023,donor_04,batch_1,control,dopaminergic
donor_04_cell_024,donor_04,batch_1,control,dopaminergic
donor_04_cell_025,donor_04,batch_1,control,dopaminergic
donor_04_cell_026,donor_04,batch_1,control,dopaminergic
donor_04_cell_027,donor_04,batch_1,control,dopaminergic
donor_04_cell_028,donor_04,batch_1,control,dopaminergic
donor_04_cell_029,donor_04,batch_1,control,dopaminergic
donor_04_cell_030,donor_04,batch_1,control,dopaminergic
donor_04_cell_031,donor_04,batch_1,control,dopaminergic
donor_04_cell_032,donor_04,batch_1,control,dopaminergic
donor_04_cell_033,donor_04,batch_1,control,dopaminergic
donor_04_cell_034,donor_04,batch_1,control,dopaminergic
donor_05_cell_000,donor_05,batch_1,PD,dopaminergic
donor_05_cell_001,donor_05,batch_1,PD,dopaminergic
donor_05_cell_002,donor_05,batch_1,PD,dopaminergic
donor_05_cell_003,donor_05,batch_1,PD,dopaminergic
donor_05_cell_004,donor_05,batch_1,PD,dopaminergic
donor_05_cell_005,donor_05,batch_1,PD,dopaminergic
donor_05_cell_006,donor_05,batch_1,PD,dopaminergic
donor_05_cell_007,donor_05,batch_1,PD,dopaminergic
donor_05_cell_008,donor_05,batch_1,PD,dopaminergic
donor_05_cell_009,donor_05,batch_1,PD,dopaminergic
donor_05_cell_010,donor_05,batch_1,PD,dopaminergic
donor_05_cell_011,donor_05,batch_1,PD,dopaminergic
donor_05_cell_012,donor_05,batch_1,PD,dopaminergic
donor_05_cell_013,donor_05,batch_1,PD,dopaminergic
donor_05_cell_014,donor_05,batch_1,PD,dopaminergic
donor_05_cell_015,donor_05,batch_1,PD,dopaminergic
donor_05_cell_016,donor_05,batch_1,PD,dopaminergic
donor_05_cell_017,donor_05,batch_1,PD,dopaminergic
donor_05_cell_018,donor_05,batch_1,PD,dopaminergic
donor_05_cell_019,donor_05,batch_1,PD,dopaminergic
donor_05_cell_020,donor_05,batch_1,PD,dopaminergic
donor_05_cell_021,donor_05,batch_1,PD,dopaminergic
donor_05_cell_022,donor_05,batch_1,PD,dopaminergic
donor_05_cell_023,donor_05,batch_1,PD,dopaminergic
donor_05_cell_024,donor_05,batch_1,PD,dopaminergic
donor_05_cell_025,donor_05,batch_1,PD,dopaminergic
donor_05_cell_026,donor_05,batch_1,PD,dopaminergic
donor_05_cell_027,donor_05,batch_1,PD,dopaminergic
donor_05_cell_028,donor_05,batch_1,PD,dopaminergic
donor_05_cell_029,donor_05,batch_1,PD,dopaminergic
donor_05_cell_030,donor_05,batch_1,PD,dopaminergic
donor_05_cell_031,donor_05,batch_1,PD,dopaminergic
donor_05_cell_032,donor_05,batch_1,PD,dopaminergic
donor_05_cell_033,donor_05,batch_1,PD,dopaminergic
donor_05_cell_034,donor_05,batch_1,PD,dopaminergic
donor_06_cell_000,donor_06,batch_1,control,dopaminergic
donor_06_cell_001,donor_06,batch_1,control,dopaminergic
donor_06_cell_002,donor_06,batch_1,control,dopaminergic
donor_06_cell_003,donor_06,batch_1,control,dopaminergic
donor_06_cell_004,donor_06,batch_1,control,dopaminergic
donor_06_cell_005,donor_06,batch_1,control,dopaminergic
donor_06_cell_006,donor_06,batch_1,control,dopaminergic
donor_06_cell_007,donor_06,batch_1,control,dopaminergic
donor_06_cell_008,donor_06,batch_1,control,dopaminergic
donor_06_cell_009,donor_06,batch_1,control,dopaminergic
donor_06_cell_010,donor_06,batch_1,control,dopaminergic
donor_06_cell_011,donor_06,batch_1,control,dopaminergic
donor_06_cell_012,donor_06,batch_1,control,dopaminergic
donor_06_cell_013,donor_06,batch_1,control,dopaminergic
donor_06_cell_014,donor_06,batch_1,control,dopaminergic
donor_06_cell_015,donor_06,batch_1,control,dopaminergic
donor_06_cell_016,donor_06,batch_1,control,dopaminergic
donor_06_cell_017,donor_06,batch_1,control,dopaminergic
donor_06_cell_018,donor_06,batch_1,control,dopaminergic
donor_06_cell_019,donor_06,batch_1,control,dopaminergic
donor_06_cell_020,donor_06,batch_1,control,dopaminergic
donor_06_cell_021,donor_06,batch_1,control,dopaminergic
donor_06_cell_022,donor_06,batch_1,control,dopaminergic
donor_06_cell_023,donor_06,batch_1,control,dopaminergic
donor_06_cell_024,donor_06,batch_1,control,dopaminergic
donor_06_cell_025,donor_06,batch_1,control,dopaminergic
donor_06_cell_026,donor_06,batch_1,control,dopaminergic
donor_06_cell_027,donor_06,batch_1,control,dopaminergic
donor_06_cell_028,donor_06,batch_1,control,dopaminergic
donor_06_cell_029,donor_06,batch_1,control,dopaminergic
donor_06_cell_030,donor_06,batch_1,control,dopaminergic
donor_06_cell_031,donor_06,batch_1,control,dopaminergic
donor_06_cell_032,donor_06,batch_1,control,dopaminergic
donor_06_cell_033,donor_06,batch_1,control,dopaminergic
donor_06_cell_034,donor_06,batch_1,control,dopaminergic
donor_07_cell_000,donor_07,batch_1,PD,dopaminergic
donor_07_cell_001,donor_07,batch_1,PD,dopaminergic
donor_07_cell_002,donor_07,batch_1,PD,dopaminergic
donor_07_cell_003,donor_07,batch_1,PD,dopaminergic
donor_07_cell_004,donor_07,batch_1,PD,dopaminergic
donor_07_cell_005,donor_07,batch_1,PD,dopaminergic
donor_07_cell_006,donor_07,batch_1,PD,dopaminergic
donor_07_cell_007,donor_07,batch_1,PD,dopaminergic
donor_07_cell_008,donor_07,batch_1,PD,dopaminergic
donor_07_cell_009,donor_07,batch_1,PD,dopaminergic
donor_07_cell_010,donor_07,batch_1,PD,dopaminergic
donor_07_cell_011,donor_07,batch_1,PD,dopaminergic
donor_07_cell_012,donor_07,batch_1,PD,dopaminergic
donor_07_cell_013,donor_07,batch_1,PD,dopaminergic
donor_07_cell_014,donor_07,batch_1,PD,dopaminergic
donor_07_cell_015,donor_07,batch_1,PD,dopaminergic
donor_07_cell_016,donor_07,batch_1,PD,dopaminergic
donor_07_cell_017,donor_07,batch_1,PD,dopaminergic
donor_07_cell_018,donor_07,batch_1,PD,dopaminergic
donor_07_cell_019,donor_07,batch_1,PD,dopaminergic
donor_07_cell_020,donor_07,batch_1,PD,dopaminergic
donor_07_cell_021,donor_07,batch_1,PD,dopaminergic
donor_07_cell_022,donor_07,batch_1,PD,dopaminergic
donor_07_cell_023,donor_07,batch_1,PD,dopaminergic
donor_07_cell_024,donor_07,batch_1,PD,dopaminergic
donor_07_cell_025,donor_07,batch_1,PD,dopaminergic
donor_07_cell_026,donor_07,batch_1,PD,dopaminergic
donor_07_cell_027,donor_07,batch_1,PD,dopaminergic
donor_07_cell_028,donor_07,batch_1,PD,dopaminergic
donor_07_cell_029,donor_07,batch_1,PD,dopaminergic
donor_07_cell_030,donor_07,batch_1,PD,dopaminergic
donor_07_cell_031,donor_07,batch_1,PD,dopaminergic
donor_07_cell_032,donor_07,batch_1,PD,dopaminergic
donor_07_cell_033,donor_07,batch_1,PD,dopaminergic
donor_07_cell_034,donor_07,batch_1,PD,dopaminergic
donor_08_cell_000,donor_08,batch_2,control,dopaminergic
donor_08_cell_001,donor_08,batch_2,control,dopaminergic
donor_08_cell_002,donor_08,batch_2,control,dopaminergic
donor_08_cell_003,donor_08,batch_2,control,dopaminergic
donor_08_cell_004,donor_08,batch_2,control,dopaminergic
donor_08_cell_005,donor_08,batch_2,control,dopaminergic
donor_08_cell_006,donor_08,batch_2,control,dopaminergic
donor_08_cell_007,donor_08,batch_2,control,dopaminergic
donor_08_cell_008,donor_08,batch_2,control,dopaminergic
donor_08_cell_009,donor_08,batch_2,control,dopaminergic
donor_08_cell_010,donor_08,batch_2,control,dopaminergic
donor_08_cell_011,donor_08,batch_2,control,dopaminergic
donor_08_cell_012,donor_08,batch_2,control,dopaminergic
donor_08_cell_013,donor_08,batch_2,control,dopaminergic
donor_08_cell_014,donor_08,batch_2,control,dopaminergic
donor_08_cell_015,donor_08,batch_2,control,dopaminergic
donor_08_cell_016,donor_08,batch_2,control,dopaminergic
donor_08_cell_017,donor_08,batch_2,control,dopaminergic
donor_08_cell_018,donor_08,batch_2,control,dopaminergic
donor_08_cell_019,donor_08,batch_2,control,dopaminergic
donor_08_cell_020,donor_08,batch_2,control,dopaminergic
donor_08_cell_021,donor_08,batch_2,control,dopaminergic
donor_08_cell_022,donor_08,batch_2,control,dopaminergic
donor_08_cell_023,donor_08,batch_2,control,dopaminergic
donor_08_cell_024,donor_08,batch_2,control,dopaminergic
donor_08_cell_025,donor_08,batch_2,control,dopaminergic
donor_08_cell_026,donor_08,batch_2,control,dopaminergic
donor_08_cell_027,donor_08,batch_2,control,dopaminergic
donor_08_cell_028,donor_08,batch_2,control,dopaminergic
donor_08_cell_029,donor_08,batch_2,control,dopaminergic
donor_08_cell_030,donor_08,batch_2,control,dopaminergic
donor_08_cell_031,donor_08,batch_2,control,dopaminergic
donor_08_cell_032,donor_08,batch_2,control,dopaminergic
donor_08_cell_033,donor_08,batch_2,control,dopaminergic
donor_08_cell_034,donor_08,batch_2,control,dopaminergic
donor_09_cell_000,donor_09,batch_2,PD,dopaminergic
donor_09_cell_001,donor_09,batch_2,PD,dopaminergic
donor_09_cell_002,donor_09,batch_2,PD,dopaminergic
donor_09_cell_003,donor_09,batch_2,PD,dopaminergic
donor_09_cell_004,donor_09,batch_2,PD,dopaminergic
donor_09_cell_005,donor_09,batch_2,PD,dopaminergic
donor_09_cell_006,donor_09,batch_2,PD,dopaminergic
donor_09_cell_007,donor_09,batch_2,PD,dopaminergic
donor_09_cell_008,donor_09,batch_2,PD,dopaminergic
donor_09_cell_009,donor_09,batch_2,PD,dopaminergic
donor_09_cell_010,donor_09,batch_2,PD,dopaminergic
donor_09_cell_011,donor_09,batch_2,PD,dopaminergic
donor_09_cell_012,donor_09,batch_2,PD,dopaminergic
donor_09_cell_013,donor_09,batch_2,PD,dopaminergic
donor_09_cell_014,donor_09,batch_2,PD,dopaminergic
donor_09_cell_015,donor_09,batch_2,PD,dopaminergic
donor_09_cell_016,donor_09,batch_2,PD,dopaminergic
donor_09_cell_017,donor_09,batch_2,PD,dopaminergic
donor_09_cell_018,donor_09,batch_2,PD,dopaminergic
donor_09_cell_019,donor_09,batch_2,PD,dopaminergic
donor_09_cell_020,donor_09,batch_2,PD,dopaminergic
donor_09_cell_021,donor_09,batch_2,PD,dopaminergic
donor_09_cell_022,donor_09,batch_2,PD,dopaminergic
donor_09_cell_023,donor_09,batch_2,PD,dopaminergic
donor_09_cell_024,donor_09,batch_2,PD,dopaminergic
donor_09_cell_025,donor_09,batch_2,PD,dopaminergic
donor_09_cell_026,donor_09,batch_2,PD,dopaminergic
donor_09_cell_027,donor_09,batch_2,PD,dopaminergic
donor_09_cell_028,donor_09,batch_2,PD,dopaminergic
donor_09_cell_029,donor_09,batch_2,PD,dopaminergic
donor_09_cell_030,donor_09,batch_2,PD,dopaminergic
donor_09_cell_031,donor_09,batch_2,PD,dopaminergic
donor_09_cell_032,donor_09,batch_2,PD,dopaminergic
donor_09_cell_033,donor_09,batch_2,PD,dopaminergic
donor_09_cell_034,donor_09,batch_2,PD,dopaminergic
donor_10_cell_000,donor_10,batch_2,control,dopaminergic
donor_10_cell_001,donor_10,batch_2,control,dopaminergic
donor_10_cell_002,donor_10,batch_2,control,dopaminergic
donor_10_cell_003,donor_10,batch_2,control,dopaminergic
donor_10_cell_004,donor_10,batch_2,control,dopaminergic
donor_10_cell_005,donor_10,batch_2,control,dopaminergic
donor_10_cell_006,donor_10,batch_2,control,dopaminergic
donor_10_cell_007,donor_10,batch_2,control,dopaminergic
donor_10_cell_008,donor_10,batch_2,control,dopaminergic
donor_10_cell_009,donor_10,batch_2,control,dopaminergic
donor_10_cell_010,donor_10,batch_2,control,dopaminergic
donor_10_cell_011,donor_10,batch_2,control,dopaminergic
donor_10_cell_012,donor_10,batch_2,control,dopaminergic
donor_10_cell_013,donor_10,batch_2,control,dopaminergic
donor_10_cell_014,donor_10,batch_2,control,dopaminergic
donor_10_cell_015,donor_10,batch_2,control,dopaminergic
donor_10_cell_016,donor_10,batch_2,control,dopaminergic
donor_10_cell_017,donor_10,batch_2,control,dopaminergic
donor_10_cell_018,donor_10,batch_2,control,dopaminergic
donor_10_cell_019,donor_10,batch_2,control,dopaminergic
donor_10_cell_020,donor_10,batch_2,control,dopaminergic
donor_10_cell_021,donor_10,batch_2,control,dopaminergic
donor_10_cell_022,donor_10,batch_2,control,dopaminergic
donor_10_cell_023,donor_10,batch_2,control,dopaminergic
donor_10_cell_024,donor_10,batch_2,control,dopaminergic
donor_10_cell_025,donor_10,batch_2,control,dopaminergic
donor_10_cell_026,donor_10,batch_2,control,dopaminergic
donor_10_cell_027,donor_10,batch_2,control,dopaminergic
donor_10_cell_028,donor_10,batch_2,control,dopaminergic
donor_10_cell_029,donor_10,batch_2,control,dopaminergic
donor_10_cell_030,donor_10,batch_2,control,dopaminergic
donor_10_cell_031,donor_10,batch_2,control,dopaminergic
donor_10_cell_032,donor_10,batch_2,control,dopaminergic
donor_10_cell_033,donor_10,batch_2,control,dopaminergic
donor_10_cell_034,donor_10,batch_2,control,dopaminergic
donor_11_cell_000,donor_11,batch_2,PD,dopaminergic
donor_11_cell_001,donor_11,batch_2,PD,dopaminergic
donor_11_cell_002,donor_11,batch_2,PD,dopaminergic
donor_11_cell_003,donor_11,batch_2,PD,dopaminergic
donor_11_cell_004,donor_11,batch_2,PD,dopaminergic
donor_11_cell_005,donor_11,batch_2,PD,dopaminergic
donor_11_cell_006,donor_11,batch_2,PD,dopaminergic
donor_11_cell_007,donor_11,batch_2,PD,dopaminergic
donor_11_cell_008,donor_11,batch_2,PD,dopaminergic
donor_11_cell_009,donor_11,batch_2,PD,dopaminergic
donor_11_cell_010,donor_11,batch_2,PD,dopaminergic
donor_11_cell_011,donor_11,batch_2,PD,dopaminergic
donor_11_cell_012,donor_11,batch_2,PD,dopaminergic
donor_11_cell_013,donor_11,batch_2,PD,dopaminergic
donor_11_cell_014,donor_11,batch_2,PD,dopaminergic
donor_11_cell_015,donor_11,batch_2,PD,dopaminergic
donor_11_cell_016,donor_11,batch_2,PD,dopaminergic
donor_11_cell_017,donor_11,batch_2,PD,dopaminergic
donor_11_cell_018,donor_11,batch_2,PD,dopaminergic
donor_11_cell_019,donor_11,batch_2,PD,dopaminergic
donor_11_cell_020,donor_11,batch_2,PD,dopaminergic
donor_11_cell_021,donor_11,batch_2,PD,dopaminergic
donor_11_cell_022,donor_11,batch_2,PD,dopaminergic
donor_11_cell_023,donor_11,batch_2,PD,dopaminergic
donor_11_cell_024,donor_11,batch_2,PD,dopaminergic
donor_11_cell_025,donor_11,batch_2,PD,dopaminergic
donor_11_cell_026,donor_11,batch_2,PD,dopaminergic
donor_11_cell_027,donor_11,batch_2,PD,dopaminergic
donor_11_cell_028,donor_11,batch_2,PD,dopaminergic
donor_11_cell_029,donor_11,batch_2,PD,dopaminergic
donor_11_cell_030,donor_11,batch_2,PD,dopaminergic
donor_11_cell_031,donor_11,batch_2,PD,dopaminergic
donor_11_cell_032,donor_11,batch_2,PD,dopaminergic
donor_11_cell_033,donor_11,batch_2,PD,dopaminergic
donor_11_cell_034,donor_11,batch_2,PD,dopaminergic
donor_12_cell_000,donor_12,batch_3,control,dopaminergic
donor_12_cell_001,donor_12,batch_3,control,dopaminergic
donor_12_cell_002,donor_12,batch_3,control,dopaminergic
donor_12_cell_003,donor_12,batch_3,control,dopaminergic
donor_12_cell_004,donor_12,batch_3,control,dopaminergic
donor_12_cell_005,donor_12,batch_3,control,dopaminergic
donor_12_cell_006,donor_12,batch_3,control,dopaminergic
donor_12_cell_007,donor_12,batch_3,control,dopaminergic
donor_12_cell_008,donor_12,batch_3,control,dopaminergic
donor_12_cell_009,donor_12,batch_3,control,dopaminergic
donor_12_cell_010,donor_12,batch_3,control,dopaminergic
donor_12_cell_011,donor_12,batch_3,control,dopaminergic
donor_12_cell_012,donor_12,batch_3,control,dopaminergic
donor_12_cell_013,donor_12,batch_3,control,dopaminergic
donor_12_cell_014,donor_12,batch_3,control,dopaminergic
donor_12_cell_015,donor_12,batch_3,control,dopaminergic
donor_12_cell_016,donor_12,batch_3,control,dopaminergic
donor_12_cell_017,donor_12,batch_3,control,dopaminergic
donor_12_cell_018,donor_12,batch_3,control,dopaminergic
donor_12_cell_019,donor_12,batch_3,control,dopaminergic
donor_12_cell_020,donor_12,batch_3,control,dopaminergic
donor_12_cell_021,donor_12,batch_3,control,dopaminergic
donor_12_cell_022,donor_12,batch_3,control,dopaminergic
donor_12_cell_023,donor_12,batch_3,control,dopaminergic
donor_12_cell_024,donor_12,batch_3,control,dopaminergic
donor_12_cell_025,donor_12,batch_3,control,dopaminergic
donor_12_cell_026,donor_12,batch_3,control,dopaminergic
donor_12_cell_027,donor_12,batch_3,control,dopaminergic
donor_12_cell_028,donor_12,batch_3,control,dopaminergic
donor_12_cell_029,donor_12,batch_3,control,dopaminergic
donor_12_cell_030,donor_12,batch_3,control,dopaminergic
donor_12_cell_031,donor_12,batch_3,control,dopaminergic
donor_12_cell_032,donor_12,batch_3,control,dopaminergic
donor_12_cell_033,donor_12,batch_3,control,dopaminergic
donor_12_cell_034,donor_12,batch_3,control,dopaminergic
donor_13_cell_000,donor_13,batch_3,PD,dopaminergic
donor_13_cell_001,donor_13,batch_3,PD,dopaminergic
donor_13_cell_002,donor_13,batch_3,PD,dopaminergic
donor_13_cell_003,donor_13,batch_3,PD,dopaminergic
donor_13_cell_004,donor_13,batch_3,PD,dopaminergic
donor_13_cell_005,donor_13,batch_3,PD,dopaminergic
donor_13_cell_006,donor_13,batch_3,PD,dopaminergic
donor_13_cell_007,donor_13,batch_3,PD,dopaminergic
donor_13_cell_008,donor_13,batch_3,PD,dopaminergic
donor_13_cell_009,donor_13,batch_3,PD,dopaminergic
donor_13_cell_010,donor_13,batch_3,PD,dopaminergic
donor_13_cell_011,donor_13,batch_3,PD,dopaminergic
donor_13_cell_012,donor_13,batch_3,PD,dopaminergic
donor_13_cell_013,donor_13,batch_3,PD,dopaminergic
donor_13_cell_014,donor_13,batch_3,PD,dopaminergic
donor_13_cell_015,donor_13,batch_3,PD,dopaminergic
donor_13_cell_016,donor_13,batch_3,PD,dopaminergic
donor_13_cell_017,donor_13,batch_3,PD,dopaminergic
donor_13_cell_018,donor_13,batch_3,PD,dopaminergic
donor_13_cell_019,donor_13,batch_3,PD,dopaminergic
donor_13_cell_020,donor_13,batch_3,PD,dopaminergic
donor_13_cell_021,donor_13,batch_3,PD,dopaminergic
donor_13_cell_022,donor_13,batch_3,PD,dopaminergic
donor_13_cell_023,donor_13,batch_3,PD,dopaminergic
donor_13_cell_024,donor_13,batch_3,PD,dopaminergic
donor_13_cell_025,donor_13,batch_3,PD,dopaminergic
donor_13_cell_026,donor_13,batch_3,PD,dopaminergic
donor_13_cell_027,donor_13,batch_3,PD,dopaminergic
donor_13_cell_028,donor_13,batch_3,PD,dopaminergic
donor_13_cell_029,donor_13,batch_3,PD,dopaminergic
donor_13_cell_030,donor_13,batch_3,PD,dopaminergic
donor_13_cell_031,donor_13,batch_3,PD,dopaminergic
donor_13_cell_032,donor_13,batch_3,PD,dopaminergic
donor_13_cell_033,donor_13,batch_3,PD,dopaminergic
donor_13_cell_034,donor_13,batch_3,PD,dopaminergic
donor_14_cell_000,donor_14,batch_3,control,dopaminergic
donor_14_cell_001,donor_14,batch_3,control,dopaminergic
donor_14_cell_002,donor_14,batch_3,control,dopaminergic
donor_14_cell_003,donor_14,batch_3,control,dopaminergic
donor_14_cell_004,donor_14,batch_3,control,dopaminergic
donor_14_cell_005,donor_14,batch_3,control,dopaminergic
donor_14_cell_006,donor_14,batch_3,control,dopaminergic
donor_14_cell_007,donor_14,batch_3,control,dopaminergic
donor_14_cell_008,donor_14,batch_3,control,dopaminergic
donor_14_cell_009,donor_14,batch_3,control,dopaminergic
donor_14_cell_010,donor_14,batch_3,control,dopaminergic
donor_14_cell_011,donor_14,batch_3,control,dopaminergic
donor_14_cell_012,donor_14,batch_3,control,dopaminergic
donor_14_cell_013,donor_14,batch_3,control,dopaminergic
donor_14_cell_014,donor_14,batch_3,control,dopaminergic
donor_14_cell_015,donor_14,batch_3,control,dopaminergic
donor_14_cell_016,donor_14,batch_3,control,dopaminergic
donor_14_cell_017,donor_14,batch_3,control,dopaminergic
donor_14_cell_018,donor_14,batch_3,control,dopaminergic
donor_14_cell_019,donor_14,batch_3,control,dopaminergic
donor_14_cell_020,donor_14,batch_3,control,dopaminergic
donor_14_cell_021,donor_14,batch_3,control,dopaminergic
donor_14_cell_022,donor_14,batch_3,control,dopaminergic
donor_14_cell_023,donor_14,batch_3,control,dopaminergic
donor_14_cell_024,donor_14,batch_3,control,dopaminergic
donor_14_cell_025,donor_14,batch_3,control,dopaminergic
donor_14_cell_026,donor_14,batch_3,control,dopaminergic
donor_14_cell_027,donor_14,batch_3,control,dopaminergic
donor_14_cell_028,donor_14,batch_3,control,dopaminergic
donor_14_cell_029,donor_14,batch_3,control,dopaminergic
donor_14_cell_030,donor_14,batch_3,control,dopaminergic
donor_14_cell_031,donor_14,batch_3,control,dopaminergic
donor_14_cell_032,donor_14,batch_3,control,dopaminergic
donor_14_cell_033,donor_14,batch_3,control,dopaminergic
donor_14_cell_034,donor_14,batch_3,control,dopaminergic
donor_15_cell_000,donor_15,batch_3,PD,dopaminergic
donor_15_cell_001,donor_15,batch_3,PD,dopaminergic
donor_15_cell_002,donor_15,batch_3,PD,dopaminergic
donor_15_cell_003,donor_15,batch_3,PD,dopaminergic
donor_15_cell_004,donor_15,batch_3,PD,dopaminergic
donor_15_cell_005,donor_15,batch_3,PD,dopaminergic
donor_15_cell_006,donor_15,batch_3,PD,dopaminergic
donor_15_cell_007,donor_15,batch_3,PD,dopaminergic
donor_15_cell_008,donor_15,batch_3,PD,dopaminergic
donor_15_cell_009,donor_15,batch_3,PD,dopaminergic
donor_15_cell_010,donor_15,batch_3,PD,dopaminergic
donor_15_cell_011,donor_15,batch_3,PD,dopaminergic
donor_15_cell_012,donor_15,batch_3,PD,dopaminergic
donor_15_cell_013,donor_15,batch_3,PD,dopaminergic
donor_15_cell_014,donor_15,batch_3,PD,dopaminergic
donor_15_cell_015,donor_15,batch_3,PD,dopaminergic
donor_15_cell_016,donor_15,batch_3,PD,dopaminergic
donor_15_cell_017,donor_15,batch_3,PD,dopaminergic
donor_15_cell_018,donor_15,batch_3,PD,dopaminergic
donor_15_cell_019,donor_15,batch_3,PD,dopaminergic
donor_15_cell_020,donor_15,batch_3,PD,dopaminergic
donor_15_cell_021,donor_15,batch_3,PD,dopaminergic
donor_15_cell_022,donor_15,batch_3,PD,dopaminergic
donor_15_cell_023,donor_15,batch_3,PD,dopaminergic
donor_15_cell_024,donor_15,batch_3,PD,dopaminergic
donor_15_cell_025,donor_15,batch_3,PD,dopaminergic
donor_15_cell_026,donor_15,batch_3,PD,dopaminergic
donor_15_cell_027,donor_15,batch_3,PD,dopaminergic
donor_15_cell_028,donor_15,batch_3,PD,dopaminergic
donor_15_cell_029,donor_15,batch_3,PD,dopaminergic
donor_15_cell_030,donor_15,batch_3,PD,dopaminergic
donor_15_cell_031,donor_15,batch_3,PD,dopaminergic
donor_15_cell_032,donor_15,batch_3,PD,dopaminergic
donor_15_cell_033,donor_15,batch_3,PD,dopaminergic
donor_15_cell_034,donor_15,batch_3,PD,dopaminergic
