size,seed,shortest_steps,ant_steps,extra_pct,reached_of_1000,walk_steps,bfs_ms,ant_ms,maze_sha256
10,502000,24,24,0,999,41866,0.5463999998755753,139.16339999996126,0d432e3edbcb9bef4e277dbe500b2bf8ab65d5c27f8d4dd4857e84028e1674b4
10,502001,20,20,0,1000,22754,0.048100000247359276,175.93459999980405,61fb033e430be2ba24df2d7b6db8489dc2dd2d4993ed84800f866339025904eb
10,502002,24,24,0,998,39628,0.04110000003129244,198.6757000000216,9eede1b40f0c263e62310dddf99d39c7493648a4721bd2956395613390dcf68d
10,502003,24,24,0,1000,39910,3.582900000270456,79.78040000004694,48e3c225ac4998d8589256fd8b56cbeffefff00bc4b4e8badd8697fd880442d0
10,502004,22,22,0,1000,29364,0.02259999979287386,42.44290000014007,0cfc29c0ce49f6a9663baa698b4f3bc4c9d136e173b1e8bd5e604f83c1f60a4c
10,502005,18,18,0,1000,30696,0.02969999983906746,67.72039999999106,3124f76d1276f25d28c564a37744f04b31db06d3b45209c4cdc9e4546c460111
10,502006,20,20,0,1000,30268,0.04570000013336539,33.35490000015125,c1e3e7373ff4eb8a179523ea8fe542aa49cce88ff77c801e437a967ae6c5244e
10,502007,20,20,0,1000,26660,0.025799999944865704,28.09030000027269,ac3ced65156515d1b73d03ffdf535e14be2770cb7af2bed37132c5b0d7db8531
10,502008,22,22,0,997,54384,0.03470000019297004,63.780199999921024,57906a65914d5f9d7ed2767cd2dc0f024534fa69f791fd7bb1f3261f864f36e3
10,502009,28,28,0,998,52602,0.054899999871850014,77.0468000001274,b8067e8dcd886a7a9d1f262ec81ca78125fa4fbd40b9fde644caeb823a43f904
15,502500,38,38,0,995,95015,0.10019999975338578,119.65150000015274,d93fc8e303190a548a5aabbad1cb2e31e9d7d96fe4d8a04487735b6b0782fc4d
15,502501,32,32,0,997,76123,0.10779999988153577,91.56270000012591,2a9e9ddf2062d08051979c90168365bd5a5cd6a7165ac551f249325fdeabe637
15,502502,30,30,0,997,85175,0.08609999995678663,134.29919999977574,9285de455528c458703e38251cb5a829e27ba0516e3c1c7776a9a98620f23d72
15,502503,48,50,4.166666666666666,997,79379,0.06100000021979213,112.22830000007525,67b4840610fda692ad7fd6fb8ff4a8b6d5b5e41af9bca243ed466c410f2431c9
15,502504,38,38,0,1000,82994,0.0953999999910593,118.46570000005886,5d10a1cf8966f13d750b30243bac080f272938d563f6a4f5ec67f1cc354cb885
15,502505,44,44,0,998,105712,0.05679999990388751,186.97870000032708,fb0ce417744dcd8ae699dd94773af577bfb210a9eae2b01b98ffe973a60178cf
15,502506,32,32,0,994,85456,0.1444000001065433,170.91379999974743,2ecbeef2721ddad1e192eb58f0cac192946ed0f20ef83115c3b1988a2bdf6a82
15,502507,42,42,0,1000,94320,0.03760000038892031,126.16830000001937,8a9073fab19c6825c4ac9f28ba0111ea723e40cd96b35741188b46e69396f23e
15,502508,48,48,0,998,87592,0.05450000008568168,96.42590000014752,91d0721a609dbd7419fb2730fd3e49fc520c9dff62807cb6015885fe3f81f8c5
15,502509,32,32,0,999,51619,0.19500000029802322,63.651899999938905,2bc7b5f6360fe68ed98c9008ddc23a8b5f882e76365ee1c8043c4f0dd64ede2e
20,503000,46,46,0,1000,124382,0.21670000022277236,166.6027999999933,8c9833e509537be30ec4f20032c9786967cc18163689571c59aaac88787a9e12
20,503001,56,56,0,998,144470,0.15570000000298023,178.74780000001192,d98c3cea7c3f2227051604c8601cd51e0902ade84abf1221dfa62abd09cb3913
20,503002,66,66,0,999,146554,0.15539999958127737,179.46950000012293,d6ea2f71843e7ed16ab8f697deb29caac68868fecd41df0bfd02125387585190
20,503003,46,46,0,998,172756,0.03969999961555004,193.62039999989793,d206ba8be544bb3a1c337227544550014f9a5f2435c0cbcf5debb4a34d8a3a88
20,503004,88,90,2.272727272727273,962,358612,0.05869999993592501,580.3693000003695,89d750d5c2eab6d7eb21df4b996a680b986f7ae338e3502724bb507b812e0782
20,503005,44,44,0,1000,139014,0.16369999991729856,173.65540000004694,b6c8b670e1e3265bee1c374acd1706178f6d700f220eb94ac09582d2551a0b3f
20,503006,48,48,0,993,143984,0.09620000002905726,175.35399999981746,215b653bc30281a334c577a930922b0e592642fb2be47fad902c0b450219098f
20,503007,48,48,0,994,152688,0.07310000015422702,211.21929999999702,162df7a9c7a98fe4ba991261ffcfd29b7fe75202aa8cc1b705210bef6ac1a821
20,503008,56,56,0,997,167150,0.24539999989792705,222.45650000032037,c8bd0b75c4346c0a25cfe5f23760be1f59872c10e76396dac735e96fff8d54f5
20,503009,54,54,0,998,165136,0.9320999998599291,448.4492999999784,1454d6508af1d07652770b3b28179d12ff1956c4c3b1bfa3ce15bcb62a5e1546
28,503800,74,74,0,993,376124,0.1603000001050532,459.214999999851,cb31f9f6d78ef3d161ca6e97dd8a121028ad51e3f3155e591fc347372bc1d460
28,503801,66,66,0,997,256004,0.2900000000372529,333.4989999998361,04374fc0b812b4949b7f5115ef9b31ea921b5933adb84560d40adcdc10ca0e5e
28,503802,84,84,0,992,285582,0.09219999983906746,414.5120000001043,ef7de0553efa3f21213cffe1c80d6baa2de494cbf8dbd90ff9de80d104be2b97
28,503803,68,68,0,994,351982,0.30120000010356307,483.70039999997243,6817155666070db66808aa86813cbb6410525b4611d07f1ecfedc9a37cab4048
28,503804,88,88,0,998,191088,0.19989999989047647,225.25019999966025,c322732689255f039b7ffcb08d274b90542625709aa5b363c0ba464161a796f7
28,503805,78,78,0,998,351978,0.24229999957606196,441.8506000000052,d2b9ccf007f9f83fc3a4e0e9e0fc93fccbbac077dab1f7aadf6cf23a3359b829
28,503806,82,84,2.4390243902439024,992,378476,0.3651000000536442,541.6036000000313,e0fb1a347a5d94735d44d1b1fee7dcc95959745e593fc8a12f373e5db71a7cc5
28,503807,82,86,4.878048780487805,995,280778,0.15940000023692846,338.99170000012964,3bc62cc0031ec1041d40380f8dbade247cd81faf882080ca55bb61ef3cac821c
28,503808,80,80,0,994,440284,0.2031000000424683,583.4729999997653,f9bf4c6b3ecd1d36b6df7fe36f8637ca1214496dd544c385465a609a3b2c3599
28,503809,88,92,4.545454545454546,996,455620,0.22269999980926514,663.0559999998659,38ee36646b3d93b8fdf1fba1340bf178d8cc2850de427b3a0bb992b7d4e305ca
